Order ID,Product,Quantity Ordered,Price Each,Purchase Address
150502,iPhone,1,700,"866 Spruce St, Portland, ME 04101"
150503,AA Batteries (4-pack),1,3.84,"18 13th St, San Francisco, CA 94016"
150504,27in 4K Gaming Monitor,1,389.99,"52 6th St, New York City, NY 10001"
150505,Lightning Charging Cable,1,14.95,"129 Cherry St, Atlanta, GA 30301"
150506,AA Batteries (4-pack),2,3.84,"548 Lincoln St, Seattle, WA 98101"
150507,Lightning Charging Cable,1,14.95,"387 12th St, Austin, TX 73301"
150508,AA Batteries (4-pack),1,3.84,"622 Center St, San Francisco, CA 94016"
150509,Apple Airpods Headphones,1,150,"921 6th St, Seattle, WA 98101"
150510,USB-C Charging Cable,1,11.95,"451 2nd St, Los Angeles, CA 90001"
150511,USB-C Charging Cable,1,11.95,"689 River St, San Francisco, CA 94016"
150512,Bose SoundSport Headphones,1,99.99,"198 Center St, Los Angeles, CA 90001"
150513,Bose SoundSport Headphones,1,99.99,"777 Spruce St, Los Angeles, CA 90001"
150514,27in FHD Monitor,1,149.99,"723 Wilson St, Los Angeles, CA 90001"
150515,Apple Airpods Headphones,1,150,"101 13th St, New York City, NY 10001"
150516,Lightning Charging Cable,1,14.95,"303 Sunset St, Atlanta, GA 30301"
150517,Wired Headphones,1,11.99,"471 13th St, San Francisco, CA 94016"
150518,Macbook Pro Laptop,1,1700,"847 10th St, San Francisco, CA 94016"
150518,iPhone,1,700,"847 10th St, San Francisco, CA 94016"
150519,Wired Headphones,1,11.99,"111 Hill St, Dallas, TX 75001"
150520,AA Batteries (4-pack),2,3.84,"512 Church St, Dallas, TX 75001"
150521,Flatscreen TV,1,300,"588 1st St, Los Angeles, CA 90001"
150522,20in Monitor,1,109.99,"633 Cherry St, Boston, MA 02215"
150523,LG Dryer,1,600,"452 8th St, San Francisco, CA 94016"
150524,Wired Headphones,1,11.99,"311 8th St, Austin, TX 73301"
150525,20in Monitor,1,109.99,"874 Jefferson St, San Francisco, CA 94016"
150526,AAA Batteries (4-pack),1,2.99,"85 Park St, Boston, MA 02215"
150527,USB-C Charging Cable,1,11.95,"165 Jefferson St, Los Angeles, CA 90001"
150528,AAA Batteries (4-pack),2,2.99,"426 Lake St, Los Angeles, CA 90001"
150529,AA Batteries (4-pack),4,3.84,"116 Elm St, Seattle, WA 98101"
150530,ThinkPad Laptop,1,999.99,"752 Park St, Los Angeles, CA 90001"
150531,USB-C Charging Cable,1,11.95,"457 Maple St, Los Angeles, CA 90001"
150532,USB-C Charging Cable,1,11.95,"645 Walnut St, San Francisco, CA 94016"
150533,AAA Batteries (4-pack),1,2.99,"270 Dogwood St, San Francisco, CA 94016"
150534,AAA Batteries (4-pack),2,2.99,"246 9th St, Los Angeles, CA 90001"
150535,AAA Batteries (4-pack),1,2.99,"961 2nd St, San Francisco, CA 94016"
150536,Wired Headphones,1,11.99,"134 8th St, Los Angeles, CA 90001"
150537,Wired Headphones,1,11.99,"437 12th St, San Francisco, CA 94016"
150538,Apple Airpods Headphones,1,150,"553 12th St, Atlanta, GA 30301"
150539,AA Batteries (4-pack),2,3.84,"103 14th St, San Francisco, CA 94016"
150540,Apple Airpods Headphones,1,150,"218 Ridge St, Atlanta, GA 30301"
150541,AAA Batteries (4-pack),1,2.99,"683 Adams St, Portland, OR 97035"
150542,AA Batteries (4-pack),1,3.84,"517 10th St, Austin, TX 73301"
150543,Wired Headphones,1,11.99,"268 Sunset St, Boston, MA 02215"
150544,Lightning Charging Cable,1,14.95,"723 Elm St, Los Angeles, CA 90001"
150545,Macbook Pro Laptop,1,1700,"905 Meadow St, Atlanta, GA 30301"
150546,AAA Batteries (4-pack),1,2.99,"43 1st St, Atlanta, GA 30301"
150547,AAA Batteries (4-pack),1,2.99,"511 Washington St, San Francisco, CA 94016"
150548,Macbook Pro Laptop,1,1700,"750 Forest St, Boston, MA 02215"
150549,iPhone,1,700,"522 West St, Boston, MA 02215"
150550,ThinkPad Laptop,1,999.99,"261 Washington St, Los Angeles, CA 90001"
150551,27in 4K Gaming Monitor,1,389.99,"726 West St, Seattle, WA 98101"
150552,Wired Headphones,1,11.99,"954 13th St, Boston, MA 02215"
150553,34in Ultrawide Monitor,1,379.99,"700 1st St, Dallas, TX 75001"
150554,AA Batteries (4-pack),1,3.84,"33 Johnson St, New York City, NY 10001"
150555,27in FHD Monitor,1,149.99,"714 Adams St, Portland, OR 97035"
150556,Lightning Charging Cable,1,14.95,"419 Hill St, Los Angeles, CA 90001"
150557,AA Batteries (4-pack),2,3.84,"372 5th St, Seattle, WA 98101"
150558,Wired Headphones,1,11.99,"864 Hickory St, Boston, MA 02215"
150559,Apple Airpods Headphones,1,150,"506 Willow St, Boston, MA 02215"
150560,Apple Airpods Headphones,1,150,"178 14th St, San Francisco, CA 94016"
150561,Wired Headphones,1,11.99,"888 Jefferson St, New York City, NY 10001"
150562,27in 4K Gaming Monitor,1,389.99,"663 1st St, Atlanta, GA 30301"
150563,iPhone,1,700,"631 Pine St, San Francisco, CA 94016"
150564,USB-C Charging Cable,1,11.95,"579 9th St, Atlanta, GA 30301"
150565,Wired Headphones,1,11.99,"406 Lincoln St, Seattle, WA 98101"
150566,27in FHD Monitor,1,149.99,"230 Pine St, Los Angeles, CA 90001"
150567,Apple Airpods Headphones,1,150,"466 South St, Dallas, TX 75001"
150568,Wired Headphones,1,11.99,"651 Johnson St, New York City, NY 10001"
150569,AA Batteries (4-pack),3,3.84,"981 Lake St, Seattle, WA 98101"
150570,Wired Headphones,1,11.99,"786 Meadow St, San Francisco, CA 94016"
150571,Lightning Charging Cable,1,14.95,"571 Hickory St, San Francisco, CA 94016"
150572,27in FHD Monitor,1,149.99,"523 Spruce St, Atlanta, GA 30301"
150573,Apple Airpods Headphones,1,150,"455 Highland St, Los Angeles, CA 90001"
150574,Lightning Charging Cable,1,14.95,"25 7th St, Portland, OR 97035"
150575,AA Batteries (4-pack),1,3.84,"776 Elm St, Los Angeles, CA 90001"
,,,,
150576,Bose SoundSport Headphones,1,99.99,"43 South St, San Francisco, CA 94016"
150577,AA Batteries (4-pack),1,3.84,"122 Spruce St, Seattle, WA 98101"
150578,USB-C Charging Cable,1,11.95,"193 Pine St, San Francisco, CA 94016"
150579,USB-C Charging Cable,1,11.95,"320 North St, Los Angeles, CA 90001"
150580,AA Batteries (4-pack),1,3.84,"399 5th St, New York City, NY 10001"
150581,AA Batteries (4-pack),1,3.84,"144 Washington St, Seattle, WA 98101"
150582,iPhone,1,700,"678 Maple St, Seattle, WA 98101"
150582,Lightning Charging Cable,1,14.95,"678 Maple St, Seattle, WA 98101"
150583,27in FHD Monitor,1,149.99,"159 Maple St, Seattle, WA 98101"
150584,AAA Batteries (4-pack),1,2.99,"971 Park St, Boston, MA 02215"
150585,USB-C Charging Cable,1,11.95,"55 Walnut St, Seattle, WA 98101"
150586,Apple Airpods Headphones,1,150,"671 12th St, San Francisco, CA 94016"
150587,Lightning Charging Cable,1,14.95,"290 Meadow St, Seattle, WA 98101"
150588,AAA Batteries (4-pack),2,2.99,"823 Cedar St, Los Angeles, CA 90001"
150589,Flatscreen TV,1,300,"123 Washington St, San Francisco, CA 94016"
150590,Apple Airpods Headphones,1,150,"196 River St, San Francisco, CA 94016"
150590,AAA Batteries (4-pack),1,2.99,"196 River St, San Francisco, CA 94016"
150591,AAA Batteries (4-pack),1,2.99,"362 Main St, Portland, OR 97035"
150592,USB-C Charging Cable,1,11.95,"756 6th St, Los Angeles, CA 90001"
150593,Bose SoundSport Headphones,1,99.99,"441 Park St, New York City, NY 10001"
150594,USB-C Charging Cable,1,11.95,"286 8th St, San Francisco, CA 94016"
150595,USB-C Charging Cable,1,11.95,"734 Cherry St, San Francisco, CA 94016"
150596,AAA Batteries (4-pack),1,2.99,"724 Ridge St, Dallas, TX 75001"
150597,USB-C Charging Cable,1,11.95,"758 Lincoln St, Boston, MA 02215"
150598,Wired Headphones,1,11.99,"841 12th St, Boston, MA 02215"
150599,20in Monitor,1,109.99,"677 South St, Atlanta, GA 30301"
150600,AA Batteries (4-pack),1,3.84,"353 11th St, San Francisco, CA 94016"
150601,AAA Batteries (4-pack),2,2.99,"24 Highland St, Atlanta, GA 30301"
150602,Apple Airpods Headphones,1,150,"207 Wilson St, Los Angeles, CA 90001"
150603,USB-C Charging Cable,1,11.95,"772 Johnson St, Seattle, WA 98101"
150604,AA Batteries (4-pack),1,3.84,"125 Hickory St, Atlanta, GA 30301"
150605,USB-C Charging Cable,1,11.95,"443 Park St, San Francisco, CA 94016"
150606,AA Batteries (4-pack),1,3.84,"810 Madison St, Atlanta, GA 30301"
150607,Lightning Charging Cable,1,14.95,"469 Church St, San Francisco, CA 94016"
150608,ThinkPad Laptop,1,999.99,"383 10th St, San Francisco, CA 94016"
150609,USB-C Charging Cable,1,11.95,"403 North St, New York City, NY 10001"
150610,27in FHD Monitor,1,149.99,"409 Church St, Boston, MA 02215"
150611,AAA Batteries (4-pack),1,2.99,"961 5th St, Portland, OR 97035"
150612,USB-C Charging Cable,1,11.95,"321 7th St, Los Angeles, CA 90001"
150613,AA Batteries (4-pack),1,3.84,"198 Walnut St, Los Angeles, CA 90001"
150614,AA Batteries (4-pack),2,3.84,"709 Cedar St, Boston, MA 02215"
150615,27in FHD Monitor,1,149.99,"814 Highland St, New York City, NY 10001"
150616,27in 4K Gaming Monitor,1,389.99,"985 Jackson St, Portland, OR 97035"
150617,Google Phone,1,600,"551 Sunset St, New York City, NY 10001"
150617,USB-C Charging Cable,1,11.95,"551 Sunset St, New York City, NY 10001"
150618,USB-C Charging Cable,1,11.95,"659 8th St, Portland, OR 97035"
150619,USB-C Charging Cable,1,11.95,"529 Madison St, Los Angeles, CA 90001"
150620,Apple Airpods Headphones,1,150,"808 1st St, Los Angeles, CA 90001"
150621,AA Batteries (4-pack),1,3.84,"173 Dogwood St, Boston, MA 02215"
150622,34in Ultrawide Monitor,1,379.99,"230 Washington St, Boston, MA 02215"
150623,iPhone,1,700,"96 7th St, Seattle, WA 98101"
150624,34in Ultrawide Monitor,1,379.99,"582 Wilson St, Los Angeles, CA 90001"
150625,AAA Batteries (4-pack),1,2.99,"19 5th St, New York City, NY 10001"
150626,AA Batteries (4-pack),2,3.84,"464 Center St, Dallas, TX 75001"
150627,USB-C Charging Cable,1,11.95,"106 10th St, Portland, OR 97035"
150628,Lightning Charging Cable,2,14.95,"206 Spruce St, San Francisco, CA 94016"
150629,AA Batteries (4-pack),1,3.84,"686 2nd St, Los Angeles, CA 90001"
150630,Apple Airpods Headphones,1,150,"274 Sunset St, Dallas, TX 75001"
150631,20in Monitor,1,109.99,"483 14th St, Atlanta, GA 30301"
150632,Wired Headphones,1,11.99,"108 Adams St, New York City, NY 10001"
150633,Wired Headphones,1,11.99,"566 Lake St, Los Angeles, CA 90001"
150634,USB-C Charging Cable,1,11.95,"463 Hickory St, New York City, NY 10001"
150635,iPhone,1,700,"129 Center St, Seattle, WA 98101"
150636,USB-C Charging Cable,1,11.95,"589 Walnut St, Portland, OR 97035"
150637,Apple Airpods Headphones,1,150,"23 Church St, Austin, TX 73301"
150638,AA Batteries (4-pack),1,3.84,"466 Lakeview St, New York City, NY 10001"
150639,Lightning Charging Cable,2,14.95,"408 Park St, Atlanta, GA 30301"
150640,Vareebadd Phone,1,400,"769 Willow St, New York City, NY 10001"
150641,AAA Batteries (4-pack),1,2.99,"72 12th St, Portland, OR 97035"
150642,Lightning Charging Cable,1,14.95,"938 Pine St, New York City, NY 10001"
150643,Apple Airpods Headphones,1,150,"304 North St, Seattle, WA 98101"
150644,Bose SoundSport Headphones,1,99.99,"879 Sunset St, Dallas, TX 75001"
150645,27in 4K Gaming Monitor,1,389.99,"153 South St, Seattle, WA 98101"
150646,27in FHD Monitor,1,149.99,"312 Spruce St, San Francisco, CA 94016"
150647,20in Monitor,1,109.99,"102 Dogwood St, New York City, NY 10001"
150648,27in 4K Gaming Monitor,1,389.99,"217 11th St, Los Angeles, CA 90001"
150649,27in FHD Monitor,1,149.99,"834 Main St, San Francisco, CA 94016"
150650,Bose SoundSport Headphones,1,99.99,"982 11th St, San Francisco, CA 94016"
150651,Google Phone,1,600,"525 10th St, New York City, NY 10001"
150651,USB-C Charging Cable,1,11.95,"525 10th St, New York City, NY 10001"
150652,AAA Batteries (4-pack),1,2.99,"933 Jackson St, Boston, MA 02215"
150653,27in FHD Monitor,1,149.99,"955 Jackson St, Los Angeles, CA 90001"
150654,Wired Headphones,1,11.99,"263 Cherry St, Los Angeles, CA 90001"
150655,AAA Batteries (4-pack),1,2.99,"154 Main St, Los Angeles, CA 90001"
150656,27in FHD Monitor,1,149.99,"643 Jackson St, Atlanta, GA 30301"
150657,AAA Batteries (4-pack),1,2.99,"406 Maple St, Los Angeles, CA 90001"
150658,USB-C Charging Cable,1,11.95,"82 Park St, Austin, TX 73301"
150659,27in 4K Gaming Monitor,1,389.99,"117 Johnson St, San Francisco, CA 94016"
150660,27in FHD Monitor,1,149.99,"719 11th St, New York City, NY 10001"
150661,Wired Headphones,1,11.99,"835 Spruce St, Atlanta, GA 30301"
150662,Wired Headphones,1,11.99,"403 North St, Dallas, TX 75001"
150663,AAA Batteries (4-pack),1,2.99,"205 Spruce St, Los Angeles, CA 90001"
150664,ThinkPad Laptop,1,999.99,"928 14th St, Dallas, TX 75001"
,,,,
150665,AAA Batteries (4-pack),2,2.99,"964 7th St, San Francisco, CA 94016"
150666,Wired Headphones,1,11.99,"188 Spruce St, San Francisco, CA 94016"
,,,,
150667,USB-C Charging Cable,1,11.95,"662 Chestnut St, Dallas, TX 75001"
150668,Wired Headphones,1,11.99,"419 7th St, Atlanta, GA 30301"
150669,iPhone,1,700,"585 6th St, Atlanta, GA 30301"
150670,AA Batteries (4-pack),1,3.84,"368 Hickory St, Portland, ME 04101"
150671,Bose SoundSport Headphones,1,99.99,"690 14th St, Boston, MA 02215"
150672,USB-C Charging Cable,1,11.95,"869 Spruce St, Dallas, TX 75001"
150673,Bose SoundSport Headphones,1,99.99,"688 Spruce St, San Francisco, CA 94016"
150674,Google Phone,1,600,"690 Park St, San Francisco, CA 94016"
150674,USB-C Charging Cable,1,11.95,"690 Park St, San Francisco, CA 94016"
150674,Wired Headphones,1,11.99,"690 Park St, San Francisco, CA 94016"
150675,Lightning Charging Cable,1,14.95,"395 Spruce St, San Francisco, CA 94016"
150676,27in FHD Monitor,1,149.99,"401 Cedar St, Dallas, TX 75001"
150677,ThinkPad Laptop,1,999.99,"221 Elm St, New York City, NY 10001"
150678,AA Batteries (4-pack),1,3.84,"399 Center St, Los Angeles, CA 90001"
150679,Bose SoundSport Headphones,1,99.99,"885 Elm St, Seattle, WA 98101"
150680,iPhone,1,700,"29 Lakeview St, Austin, TX 73301"
150681,USB-C Charging Cable,2,11.95,"348 9th St, Seattle, WA 98101"
150682,Apple Airpods Headphones,1,150,"833 Lake St, San Francisco, CA 94016"
150683,27in FHD Monitor,1,149.99,"632 Ridge St, San Francisco, CA 94016"
150684,34in Ultrawide Monitor,1,379.99,"615 Jefferson St, San Francisco, CA 94016"
150685,Lightning Charging Cable,2,14.95,"658 Forest St, Portland, OR 97035"
150686,iPhone,1,700,"389 Pine St, Los Angeles, CA 90001"
150687,Wired Headphones,1,11.99,"292 Highland St, Los Angeles, CA 90001"
150688,Google Phone,1,600,"719 Maple St, New York City, NY 10001"
150688,Wired Headphones,1,11.99,"719 Maple St, New York City, NY 10001"
150689,AAA Batteries (4-pack),1,2.99,"623 10th St, Los Angeles, CA 90001"
150690,AA Batteries (4-pack),1,3.84,"167 Highland St, Atlanta, GA 30301"
150691,20in Monitor,1,109.99,"902 Adams St, New York City, NY 10001"
150692,Bose SoundSport Headphones,1,99.99,"868 11th St, Boston, MA 02215"
150693,Wired Headphones,1,11.99,"403 West St, Boston, MA 02215"
150694,Apple Airpods Headphones,1,150,"813 Church St, Los Angeles, CA 90001"
150695,AA Batteries (4-pack),1,3.84,"272 4th St, Atlanta, GA 30301"
150696,AA Batteries (4-pack),1,3.84,"417 Dogwood St, Boston, MA 02215"
150697,Bose SoundSport Headphones,1,99.99,"966 7th St, Seattle, WA 98101"
150698,34in Ultrawide Monitor,1,379.99,"375 Maple St, Los Angeles, CA 90001"
150699,USB-C Charging Cable,1,11.95,"253 Cherry St, San Francisco, CA 94016"
150700,USB-C Charging Cable,1,11.95,"551 2nd St, New York City, NY 10001"
150701,ThinkPad Laptop,1,999.99,"822 Highland St, Dallas, TX 75001"
150702,34in Ultrawide Monitor,1,379.99,"27 Wilson St, Los Angeles, CA 90001"
150703,27in 4K Gaming Monitor,1,389.99,"998 Jefferson St, Boston, MA 02215"
150704,27in 4K Gaming Monitor,1,389.99,"508 Walnut St, Austin, TX 73301"
150705,Bose SoundSport Headphones,1,99.99,"189 Elm St, New York City, NY 10001"
150706,Lightning Charging Cable,1,14.95,"815 Willow St, San Francisco, CA 94016"
150707,Lightning Charging Cable,1,14.95,"128 Elm St, San Francisco, CA 94016"
150708,Bose SoundSport Headphones,1,99.99,"36 Ridge St, Dallas, TX 75001"
150709,USB-C Charging Cable,1,11.95,"507 Washington St, Boston, MA 02215"
150710,27in 4K Gaming Monitor,1,389.99,"581 Jackson St, San Francisco, CA 94016"
150711,Flatscreen TV,1,300,"320 11th St, San Francisco, CA 94016"
150712,AA Batteries (4-pack),3,3.84,"109 Willow St, New York City, NY 10001"
150713,AAA Batteries (4-pack),2,2.99,"362 10th St, Dallas, TX 75001"
150714,Bose SoundSport Headphones,1,99.99,"539 5th St, Los Angeles, CA 90001"
150715,Apple Airpods Headphones,1,150,"626 Lakeview St, San Francisco, CA 94016"
150716,Bose SoundSport Headphones,1,99.99,"396 Elm St, Dallas, TX 75001"
150717,USB-C Charging Cable,1,11.95,"202 Maple St, Austin, TX 73301"
150718,AA Batteries (4-pack),1,3.84,"211 Willow St, Atlanta, GA 30301"
150719,AAA Batteries (4-pack),1,2.99,"281 Lake St, Portland, OR 97035"
150720,27in FHD Monitor,1,149.99,"326 10th St, San Francisco, CA 94016"
150721,Apple Airpods Headphones,1,150,"115 Cedar St, San Francisco, CA 94016"
150722,AA Batteries (4-pack),2,3.84,"859 Cedar St, Seattle, WA 98101"
150723,Lightning Charging Cable,1,14.95,"793 Forest St, Los Angeles, CA 90001"
150724,34in Ultrawide Monitor,1,379.99,"168 Forest St, Seattle, WA 98101"
150725,AA Batteries (4-pack),2,3.84,"148 Park St, San Francisco, CA 94016"
150726,USB-C Charging Cable,1,11.95,"984 Hickory St, San Francisco, CA 94016"
150727,Apple Airpods Headphones,1,150,"406 4th St, San Francisco, CA 94016"
150728,Wired Headphones,1,11.99,"7 Highland St, New York City, NY 10001"
150729,Google Phone,1,600,"705 7th St, Boston, MA 02215"
150730,USB-C Charging Cable,2,11.95,"357 Lakeview St, San Francisco, CA 94016"
150731,Lightning Charging Cable,1,14.95,"907 South St, Seattle, WA 98101"
150732,AA Batteries (4-pack),1,3.84,"417 Ridge St, San Francisco, CA 94016"
150733,27in 4K Gaming Monitor,1,389.99,"982 Washington St, Los Angeles, CA 90001"
150734,Google Phone,1,600,"119 Madison St, New York City, NY 10001"
150734,USB-C Charging Cable,1,11.95,"119 Madison St, New York City, NY 10001"
150735,AA Batteries (4-pack),1,3.84,"450 6th St, Boston, MA 02215"
150736,Wired Headphones,1,11.99,"785 Lakeview St, Los Angeles, CA 90001"
150737,AAA Batteries (4-pack),1,2.99,"727 Pine St, Los Angeles, CA 90001"
150738,Bose SoundSport Headphones,1,99.99,"374 Main St, Atlanta, GA 30301"
150739,Lightning Charging Cable,1,14.95,"21 11th St, Atlanta, GA 30301"
150740,34in Ultrawide Monitor,1,379.99,"838 11th St, Portland, OR 97035"
150741,Bose SoundSport Headphones,1,99.99,"755 Maple St, New York City, NY 10001"
150742,Wired Headphones,1,11.99,"589 Maple St, San Francisco, CA 94016"
150743,AAA Batteries (4-pack),1,2.99,"203 Main St, Los Angeles, CA 90001"
150744,34in Ultrawide Monitor,1,379.99,"682 5th St, Atlanta, GA 30301"
150745,AA Batteries (4-pack),3,3.84,"489 Center St, San Francisco, CA 94016"
150746,AAA Batteries (4-pack),1,2.99,"195 North St, Los Angeles, CA 90001"
150747,USB-C Charging Cable,1,11.95,"275 2nd St, San Francisco, CA 94016"
150748,AAA Batteries (4-pack),1,2.99,"931 11th St, New York City, NY 10001"
150749,Vareebadd Phone,1,400,"55 6th St, San Francisco, CA 94016"
150750,iPhone,1,700,"753 Washington St, New York City, NY 10001"
150751,USB-C Charging Cable,2,11.95,"153 Washington St, Los Angeles, CA 90001"
150752,Wired Headphones,1,11.99,"23 4th St, Portland, OR 97035"
150753,Lightning Charging Cable,1,14.95,"599 7th St, New York City, NY 10001"
150754,AAA Batteries (4-pack),1,2.99,"423 Park St, Austin, TX 73301"
150755,AA Batteries (4-pack),1,3.84,"355 Lake St, Austin, TX 73301"
150756,Bose SoundSport Headphones,1,99.99,"114 West St, Seattle, WA 98101"
150757,USB-C Charging Cable,1,11.95,"141 Highland St, San Francisco, CA 94016"
150758,iPhone,1,700,"360 Madison St, Austin, TX 73301"
150758,Wired Headphones,1,11.99,"360 Madison St, Austin, TX 73301"
150759,Lightning Charging Cable,1,14.95,"999 9th St, Boston, MA 02215"
150760,AA Batteries (4-pack),2,3.84,"638 4th St, Los Angeles, CA 90001"
150761,AAA Batteries (4-pack),1,2.99,"358 Maple St, Austin, TX 73301"
150762,USB-C Charging Cable,1,11.95,"927 Lake St, San Francisco, CA 94016"
150763,AA Batteries (4-pack),3,3.84,"276 2nd St, New York City, NY 10001"
150764,AAA Batteries (4-pack),1,2.99,"671 10th St, New York City, NY 10001"
150765,AA Batteries (4-pack),1,3.84,"750 Madison St, Seattle, WA 98101"
150766,Bose SoundSport Headphones,1,99.99,"969 10th St, San Francisco, CA 94016"
150767,Bose SoundSport Headphones,1,99.99,"38 Wilson St, San Francisco, CA 94016"
150768,Lightning Charging Cable,1,14.95,"482 Madison St, Los Angeles, CA 90001"
150769,Apple Airpods Headphones,1,150,"470 Madison St, Los Angeles, CA 90001"
150770,34in Ultrawide Monitor,1,379.99,"721 Dogwood St, Seattle, WA 98101"
150771,AA Batteries (4-pack),1,3.84,"619 9th St, New York City, NY 10001"
150772,Bose SoundSport Headphones,1,99.99,"238 8th St, Los Angeles, CA 90001"
150773,AA Batteries (4-pack),1,3.84,"632 Highland St, New York City, NY 10001"
150774,AA Batteries (4-pack),1,3.84,"579 Adams St, San Francisco, CA 94016"
150775,Lightning Charging Cable,1,14.95,"596 9th St, Seattle, WA 98101"
150776,Bose SoundSport Headphones,1,99.99,"480 1st St, Seattle, WA 98101"
150777,Lightning Charging Cable,2,14.95,"879 Pine St, Los Angeles, CA 90001"
150778,Apple Airpods Headphones,1,150,"49 Hill St, San Francisco, CA 94016"
150779,27in FHD Monitor,1,149.99,"819 Adams St, San Francisco, CA 94016"
150780,Google Phone,1,600,"123 Maple St, Austin, TX 73301"
150781,Bose SoundSport Headphones,1,99.99,"219 1st St, Atlanta, GA 30301"
150782,Lightning Charging Cable,1,14.95,"12 Highland St, San Francisco, CA 94016"
150783,AAA Batteries (4-pack),1,2.99,"13 Hill St, San Francisco, CA 94016"
150784,AA Batteries (4-pack),1,3.84,"73 Sunset St, New York City, NY 10001"
150785,Apple Airpods Headphones,1,150,"474 Pine St, Los Angeles, CA 90001"
150786,AA Batteries (4-pack),2,3.84,"856 Highland St, Atlanta, GA 30301"
150787,USB-C Charging Cable,1,11.95,"110 Washington St, New York City, NY 10001"
150788,Wired Headphones,1,11.99,"65 Pine St, New York City, NY 10001"
150789,Lightning Charging Cable,1,14.95,"156 West St, New York City, NY 10001"
150790,USB-C Charging Cable,1,11.95,"869 Lincoln St, Seattle, WA 98101"
150791,Apple Airpods Headphones,1,150,"663 Madison St, San Francisco, CA 94016"
150792,Wired Headphones,1,11.99,"343 13th St, Boston, MA 02215"
150793,ThinkPad Laptop,1,999.99,"210 1st St, Boston, MA 02215"
150794,AAA Batteries (4-pack),1,2.99,"195 Jackson St, Boston, MA 02215"
150795,27in 4K Gaming Monitor,1,389.99,"959 4th St, Seattle, WA 98101"
150796,AAA Batteries (4-pack),2,2.99,"129 Washington St, Atlanta, GA 30301"
150797,USB-C Charging Cable,3,11.95,"995 Ridge St, Atlanta, GA 30301"
150798,Macbook Pro Laptop,1,1700,"931 Dogwood St, New York City, NY 10001"
150799,Bose SoundSport Headphones,1,99.99,"445 14th St, Dallas, TX 75001"
150800,USB-C Charging Cable,1,11.95,"37 North St, Boston, MA 02215"
150801,AAA Batteries (4-pack),1,2.99,"212 Center St, Seattle, WA 98101"
150802,Google Phone,1,600,"817 Willow St, Dallas, TX 75001"
150803,Bose SoundSport Headphones,1,99.99,"532 Hill St, San Francisco, CA 94016"
150804,AAA Batteries (4-pack),1,2.99,"849 Jackson St, New York City, NY 10001"
150805,AA Batteries (4-pack),1,3.84,"820 Washington St, New York City, NY 10001"
150806,USB-C Charging Cable,1,11.95,"995 6th St, Los Angeles, CA 90001"
150807,27in 4K Gaming Monitor,1,389.99,"278 Dogwood St, Boston, MA 02215"
150808,AA Batteries (4-pack),1,3.84,"566 West St, San Francisco, CA 94016"
150809,USB-C Charging Cable,1,11.95,"605 Hill St, Los Angeles, CA 90001"
150810,USB-C Charging Cable,1,11.95,"275 2nd St, Los Angeles, CA 90001"
150811,Google Phone,1,600,"969 Pine St, Seattle, WA 98101"
150812,Wired Headphones,1,11.99,"915 Maple St, San Francisco, CA 94016"
150813,Apple Airpods Headphones,1,150,"575 Cherry St, San Francisco, CA 94016"
150814,USB-C Charging Cable,1,11.95,"922 7th St, Seattle, WA 98101"
150815,Wired Headphones,1,11.99,"770 6th St, Atlanta, GA 30301"
150816,Flatscreen TV,1,300,"769 Johnson St, San Francisco, CA 94016"
150817,AA Batteries (4-pack),1,3.84,"377 Church St, New York City, NY 10001"
150818,AA Batteries (4-pack),1,3.84,"919 Adams St, Seattle, WA 98101"
150819,27in FHD Monitor,1,149.99,"547 Willow St, Los Angeles, CA 90001"
150820,AA Batteries (4-pack),1,3.84,"920 11th St, Portland, OR 97035"
150821,Bose SoundSport Headphones,1,99.99,"316 Center St, Los Angeles, CA 90001"
150822,AA Batteries (4-pack),1,3.84,"932 Forest St, San Francisco, CA 94016"
150823,USB-C Charging Cable,1,11.95,"848 Cedar St, San Francisco, CA 94016"
150824,Wired Headphones,1,11.99,"513 Wilson St, Boston, MA 02215"
150825,27in FHD Monitor,1,149.99,"289 Hickory St, New York City, NY 10001"
150826,Bose SoundSport Headphones,1,99.99,"543 6th St, Seattle, WA 98101"
150827,USB-C Charging Cable,1,11.95,"529 West St, New York City, NY 10001"
150828,Macbook Pro Laptop,1,1700,"380 13th St, Dallas, TX 75001"
150829,27in 4K Gaming Monitor,1,389.99,"606 Highland St, Los Angeles, CA 90001"
150830,USB-C Charging Cable,2,11.95,"121 Cedar St, Seattle, WA 98101"
150831,AAA Batteries (4-pack),1,2.99,"346 Center St, New York City, NY 10001"
150832,USB-C Charging Cable,1,11.95,"107 4th St, San Francisco, CA 94016"
150833,USB-C Charging Cable,1,11.95,"365 Center St, New York City, NY 10001"
150834,Bose SoundSport Headphones,1,99.99,"795 Jefferson St, Dallas, TX 75001"
150835,Apple Airpods Headphones,1,150,"279 10th St, New York City, NY 10001"
150836,Wired Headphones,1,11.99,"820 Walnut St, Dallas, TX 75001"
150837,Lightning Charging Cable,1,14.95,"725 Adams St, Atlanta, GA 30301"
150838,USB-C Charging Cable,1,11.95,"478 Adams St, New York City, NY 10001"
150839,Google Phone,1,600,"625 Washington St, New York City, NY 10001"
150840,AAA Batteries (4-pack),1,2.99,"14 6th St, Austin, TX 73301"
150841,AA Batteries (4-pack),1,3.84,"738 Meadow St, San Francisco, CA 94016"
150842,Lightning Charging Cable,1,14.95,"130 Spruce St, Los Angeles, CA 90001"
150843,Lightning Charging Cable,1,14.95,"409 4th St, Dallas, TX 75001"
150844,Macbook Pro Laptop,1,1700,"680 Church St, San Francisco, CA 94016"
150845,USB-C Charging Cable,1,11.95,"663 Lake St, Portland, OR 97035"
150846,AAA Batteries (4-pack),3,2.99,"223 South St, Dallas, TX 75001"
150847,Google Phone,1,600,"138 Chestnut St, New York City, NY 10001"
150848,27in 4K Gaming Monitor,1,389.99,"358 Willow St, Seattle, WA 98101"
150849,AAA Batteries (4-pack),1,2.99,"14 Meadow St, Austin, TX 73301"
150850,AAA Batteries (4-pack),1,2.99,"331 West St, Seattle, WA 98101"
150851,AA Batteries (4-pack),1,3.84,"490 South St, Portland, OR 97035"
150852,AAA Batteries (4-pack),1,2.99,"361 Park St, Portland, OR 97035"
150853,AAA Batteries (4-pack),1,2.99,"953 Jefferson St, New York City, NY 10001"
150853,27in 4K Gaming Monitor,1,389.99,"953 Jefferson St, New York City, NY 10001"
150854,27in 4K Gaming Monitor,1,389.99,"937 Cedar St, New York City, NY 10001"
150855,34in Ultrawide Monitor,1,379.99,"418 North St, Dallas, TX 75001"
150856,Flatscreen TV,1,300,"571 Meadow St, San Francisco, CA 94016"
150857,USB-C Charging Cable,1,11.95,"540 6th St, San Francisco, CA 94016"
150858,USB-C Charging Cable,1,11.95,"376 Sunset St, Austin, TX 73301"
150859,Lightning Charging Cable,1,14.95,"817 Lake St, Los Angeles, CA 90001"
150860,AAA Batteries (4-pack),3,2.99,"90 Sunset St, New York City, NY 10001"
150861,34in Ultrawide Monitor,1,379.99,"794 Washington St, Los Angeles, CA 90001"
150862,20in Monitor,1,109.99,"196 5th St, San Francisco, CA 94016"
150863,USB-C Charging Cable,1,11.95,"570 West St, San Francisco, CA 94016"
150864,AA Batteries (4-pack),1,3.84,"17 Park St, San Francisco, CA 94016"
150865,Bose SoundSport Headphones,1,99.99,"107 Lakeview St, Los Angeles, CA 90001"
150866,27in FHD Monitor,1,149.99,"248 Adams St, San Francisco, CA 94016"
150867,USB-C Charging Cable,1,11.95,"907 West St, Los Angeles, CA 90001"
150868,Lightning Charging Cable,1,14.95,"447 Park St, Atlanta, GA 30301"
150869,AA Batteries (4-pack),1,3.84,"35 6th St, San Francisco, CA 94016"
150870,Wired Headphones,1,11.99,"805 1st St, Dallas, TX 75001"
150871,AAA Batteries (4-pack),5,2.99,"659 Highland St, San Francisco, CA 94016"
150872,Lightning Charging Cable,1,14.95,"436 6th St, Seattle, WA 98101"
150873,Lightning Charging Cable,1,14.95,"65 10th St, Atlanta, GA 30301"
150874,Lightning Charging Cable,2,14.95,"851 Forest St, Portland, OR 97035"
150875,Lightning Charging Cable,1,14.95,"383 Wilson St, San Francisco, CA 94016"
150876,LG Dryer,1,600,"367 Meadow St, San Francisco, CA 94016"
150877,USB-C Charging Cable,1,11.95,"665 Ridge St, Austin, TX 73301"
150878,Apple Airpods Headphones,1,150,"441 Washington St, Portland, OR 97035"
150879,USB-C Charging Cable,1,11.95,"899 14th St, San Francisco, CA 94016"
150880,34in Ultrawide Monitor,1,379.99,"548 Pine St, San Francisco, CA 94016"
150881,Wired Headphones,1,11.99,"34 2nd St, Los Angeles, CA 90001"
150882,Wired Headphones,1,11.99,"402 10th St, Boston, MA 02215"
150883,Wired Headphones,1,11.99,"457 Willow St, San Francisco, CA 94016"
150884,Wired Headphones,1,11.99,"632 Center St, San Francisco, CA 94016"
150885,ThinkPad Laptop,1,999.99,"88 Main St, San Francisco, CA 94016"
150886,Wired Headphones,1,11.99,"432 1st St, Boston, MA 02215"
150887,34in Ultrawide Monitor,1,379.99,"186 Elm St, Seattle, WA 98101"
150888,Wired Headphones,1,11.99,"92 Willow St, Boston, MA 02215"
150889,USB-C Charging Cable,1,11.95,"800 5th St, Atlanta, GA 30301"
150890,Apple Airpods Headphones,1,150,"449 9th St, Dallas, TX 75001"
150891,Lightning Charging Cable,1,14.95,"241 Dogwood St, San Francisco, CA 94016"
150892,Wired Headphones,1,11.99,"248 Johnson St, San Francisco, CA 94016"
150892,Apple Airpods Headphones,1,150,"248 Johnson St, San Francisco, CA 94016"
150893,ThinkPad Laptop,1,999.99,"774 5th St, Portland, OR 97035"
150894,Google Phone,1,600,"580 South St, San Francisco, CA 94016"
150895,LG Washing Machine,1,600,"405 11th St, Dallas, TX 75001"
150896,Lightning Charging Cable,1,14.95,"472 13th St, New York City, NY 10001"
150897,USB-C Charging Cable,1,11.95,"127 Chestnut St, Boston, MA 02215"
150898,AA Batteries (4-pack),1,3.84,"2 14th St, Seattle, WA 98101"
150899,USB-C Charging Cable,1,11.95,"23 Park St, Portland, ME 04101"
150900,AAA Batteries (4-pack),2,2.99,"767 4th St, San Francisco, CA 94016"
150901,AAA Batteries (4-pack),1,2.99,"79 Sunset St, Dallas, TX 75001"
150902,LG Washing Machine,1,600,"863 Hickory St, San Francisco, CA 94016"
150903,AA Batteries (4-pack),1,3.84,"480 River St, Seattle, WA 98101"
150904,34in Ultrawide Monitor,1,379.99,"593 13th St, Seattle, WA 98101"
150905,USB-C Charging Cable,1,11.95,"536 Forest St, Los Angeles, CA 90001"
150906,AAA Batteries (4-pack),1,2.99,"884 Ridge St, Los Angeles, CA 90001"
150907,Apple Airpods Headphones,1,150,"491 River St, Dallas, TX 75001"
150907,Wired Headphones,1,11.99,"491 River St, Dallas, TX 75001"
150908,Lightning Charging Cable,1,14.95,"280 11th St, Austin, TX 73301"
150909,27in FHD Monitor,1,149.99,"195 9th St, San Francisco, CA 94016"
150910,AAA Batteries (4-pack),1,2.99,"275 11th St, Los Angeles, CA 90001"
150911,Apple Airpods Headphones,1,150,"73 Chestnut St, Portland, OR 97035"
150912,AA Batteries (4-pack),1,3.84,"318 Highland St, Dallas, TX 75001"
150913,27in 4K Gaming Monitor,1,389.99,"566 Spruce St, New York City, NY 10001"
150914,AAA Batteries (4-pack),1,2.99,"344 Dogwood St, Boston, MA 02215"
150915,AAA Batteries (4-pack),1,2.99,"225 Washington St, Austin, TX 73301"
150916,34in Ultrawide Monitor,1,379.99,"844 5th St, Dallas, TX 75001"
150917,Lightning Charging Cable,1,14.95,"111 10th St, Austin, TX 73301"
150917,Lightning Charging Cable,1,14.95,"111 10th St, Austin, TX 73301"
150918,Lightning Charging Cable,1,14.95,"419 12th St, San Francisco, CA 94016"
150919,27in FHD Monitor,1,149.99,"9 Hickory St, Portland, OR 97035"
150920,Macbook Pro Laptop,1,1700,"511 12th St, Austin, TX 73301"
150921,Lightning Charging Cable,1,14.95,"701 12th St, San Francisco, CA 94016"
150922,Bose SoundSport Headphones,1,99.99,"562 Hill St, Boston, MA 02215"
150923,AAA Batteries (4-pack),2,2.99,"410 Lakeview St, Los Angeles, CA 90001"
150924,ThinkPad Laptop,1,999.99,"228 5th St, Austin, TX 73301"
150925,iPhone,1,700,"784 Elm St, Boston, MA 02215"
150925,Lightning Charging Cable,1,14.95,"784 Elm St, Boston, MA 02215"
150925,iPhone,1,700,"784 Elm St, Boston, MA 02215"
150926,Wired Headphones,2,11.99,"80 14th St, New York City, NY 10001"
150927,USB-C Charging Cable,2,11.95,"701 Spruce St, New York City, NY 10001"
150928,Apple Airpods Headphones,1,150,"837 6th St, San Francisco, CA 94016"
150929,AA Batteries (4-pack),1,3.84,"373 13th St, Los Angeles, CA 90001"
150930,20in Monitor,1,109.99,"916 2nd St, Los Angeles, CA 90001"
150931,Macbook Pro Laptop,1,1700,"825 Adams St, Portland, ME 04101"
150932,AA Batteries (4-pack),1,3.84,"925 North St, Los Angeles, CA 90001"
150933,Bose SoundSport Headphones,1,99.99,"588 Lincoln St, Seattle, WA 98101"
150934,Lightning Charging Cable,1,14.95,"841 6th St, New York City, NY 10001"
150935,Bose SoundSport Headphones,1,99.99,"402 1st St, San Francisco, CA 94016"
150936,Lightning Charging Cable,1,14.95,"507 River St, Dallas, TX 75001"
150937,LG Washing Machine,1,600,"245 Chestnut St, San Francisco, CA 94016"
150938,Bose SoundSport Headphones,1,99.99,"464 Elm St, New York City, NY 10001"
150939,ThinkPad Laptop,1,999.99,"89 Jackson St, New York City, NY 10001"
150940,Lightning Charging Cable,1,14.95,"623 6th St, Los Angeles, CA 90001"
150941,Bose SoundSport Headphones,2,99.99,"114 14th St, Los Angeles, CA 90001"
150942,Apple Airpods Headphones,1,150,"286 Lakeview St, Dallas, TX 75001"
150943,USB-C Charging Cable,1,11.95,"759 1st St, Austin, TX 73301"
150943,USB-C Charging Cable,1,11.95,"759 1st St, Austin, TX 73301"
150944,Bose SoundSport Headphones,1,99.99,"479 Lake St, Portland, OR 97035"
150945,iPhone,1,700,"877 Dogwood St, San Francisco, CA 94016"
150945,Wired Headphones,1,11.99,"877 Dogwood St, San Francisco, CA 94016"
150946,USB-C Charging Cable,1,11.95,"732 2nd St, Dallas, TX 75001"
150947,Lightning Charging Cable,1,14.95,"914 Church St, Seattle, WA 98101"
150948,USB-C Charging Cable,1,11.95,"872 Dogwood St, Dallas, TX 75001"
150949,Lightning Charging Cable,1,14.95,"303 Pine St, Dallas, TX 75001"
150950,LG Dryer,1,600,"52 Cedar St, New York City, NY 10001"
150951,iPhone,1,700,"40 8th St, New York City, NY 10001"
150951,Lightning Charging Cable,1,14.95,"40 8th St, New York City, NY 10001"
150951,Apple Airpods Headphones,1,150,"40 8th St, New York City, NY 10001"
150952,USB-C Charging Cable,1,11.95,"465 Cedar St, San Francisco, CA 94016"
150953,AA Batteries (4-pack),1,3.84,"412 Wilson St, Seattle, WA 98101"
150954,Wired Headphones,1,11.99,"522 Center St, Boston, MA 02215"
150955,Wired Headphones,1,11.99,"65 Wilson St, Los Angeles, CA 90001"
150956,Macbook Pro Laptop,1,1700,"915 Meadow St, Portland, OR 97035"
150957,Apple Airpods Headphones,1,150,"480 Walnut St, New York City, NY 10001"
150958,iPhone,1,700,"58 Hickory St, San Francisco, CA 94016"
150959,Apple Airpods Headphones,1,150,"364 Ridge St, Atlanta, GA 30301"
150960,AA Batteries (4-pack),2,3.84,"849 Elm St, Seattle, WA 98101"
150961,Vareebadd Phone,1,400,"251 West St, New York City, NY 10001"
150961,Wired Headphones,1,11.99,"251 West St, New York City, NY 10001"
150962,27in FHD Monitor,1,149.99,"232 4th St, Boston, MA 02215"
150963,Google Phone,1,600,"184 Meadow St, Boston, MA 02215"
150964,Wired Headphones,1,11.99,"735 Hickory St, New York City, NY 10001"
150965,Lightning Charging Cable,1,14.95,"650 Chestnut St, San Francisco, CA 94016"
150966,Bose SoundSport Headphones,1,99.99,"540 Forest St, San Francisco, CA 94016"
150967,AA Batteries (4-pack),3,3.84,"717 Willow St, New York City, NY 10001"
150968,AA Batteries (4-pack),2,3.84,"60 13th St, San Francisco, CA 94016"
150969,Wired Headphones,1,11.99,"591 10th St, Seattle, WA 98101"
150970,AAA Batteries (4-pack),3,2.99,"943 Lake St, Seattle, WA 98101"
150971,AAA Batteries (4-pack),2,2.99,"670 11th St, Dallas, TX 75001"
150972,Google Phone,1,600,"138 Wilson St, Los Angeles, CA 90001"
150972,USB-C Charging Cable,1,11.95,"138 Wilson St, Los Angeles, CA 90001"
150973,Google Phone,1,600,"401 5th St, San Francisco, CA 94016"
150974,Bose SoundSport Headphones,1,99.99,"179 14th St, Boston, MA 02215"
150975,Bose SoundSport Headphones,1,99.99,"530 11th St, Seattle, WA 98101"
150976,Lightning Charging Cable,1,14.95,"352 9th St, New York City, NY 10001"
150977,Bose SoundSport Headphones,1,99.99,"304 West St, Boston, MA 02215"
150978,AA Batteries (4-pack),1,3.84,"341 Cherry St, New York City, NY 10001"
150979,Lightning Charging Cable,1,14.95,"254 Forest St, San Francisco, CA 94016"
150980,20in Monitor,1,109.99,"704 West St, Seattle, WA 98101"
150981,Bose SoundSport Headphones,1,99.99,"188 Washington St, Los Angeles, CA 90001"
150982,Lightning Charging Cable,1,14.95,"301 West St, Atlanta, GA 30301"
150983,Flatscreen TV,1,300,"502 4th St, Boston, MA 02215"
150984,Wired Headphones,1,11.99,"922 Elm St, Austin, TX 73301"
150985,Flatscreen TV,1,300,"221 Hickory St, Los Angeles, CA 90001"
150986,AAA Batteries (4-pack),1,2.99,"188 7th St, Atlanta, GA 30301"
150987,AAA Batteries (4-pack),2,2.99,"179 1st St, Boston, MA 02215"
150988,AAA Batteries (4-pack),1,2.99,"363 Johnson St, San Francisco, CA 94016"
150989,AA Batteries (4-pack),2,3.84,"912 Church St, Portland, OR 97035"
150990,34in Ultrawide Monitor,1,379.99,"420 9th St, Dallas, TX 75001"
150991,Flatscreen TV,1,300,"780 Spruce St, San Francisco, CA 94016"
150992,Wired Headphones,1,11.99,"525 Cedar St, Dallas, TX 75001"
150993,AA Batteries (4-pack),1,3.84,"719 Lake St, Dallas, TX 75001"
150994,34in Ultrawide Monitor,1,379.99,"892 Ridge St, Austin, TX 73301"
150995,USB-C Charging Cable,1,11.95,"8 12th St, Seattle, WA 98101"
150996,AAA Batteries (4-pack),1,2.99,"179 Pine St, New York City, NY 10001"
150997,Apple Airpods Headphones,1,150,"584 7th St, Dallas, TX 75001"
150998,Lightning Charging Cable,1,14.95,"645 Church St, San Francisco, CA 94016"
150999,AA Batteries (4-pack),1,3.84,"358 Dogwood St, Boston, MA 02215"
151000,AA Batteries (4-pack),1,3.84,"12 Dogwood St, Austin, TX 73301"
151001,34in Ultrawide Monitor,1,379.99,"46 Elm St, New York City, NY 10001"
151002,AAA Batteries (4-pack),1,2.99,"194 North St, Boston, MA 02215"
151003,AA Batteries (4-pack),2,3.84,"500 13th St, Seattle, WA 98101"
151004,USB-C Charging Cable,1,11.95,"501 Adams St, Austin, TX 73301"
151005,USB-C Charging Cable,1,11.95,"280 Chestnut St, Boston, MA 02215"
151006,Lightning Charging Cable,1,14.95,"502 Elm St, San Francisco, CA 94016"
151007,USB-C Charging Cable,2,11.95,"119 Lakeview St, Boston, MA 02215"
151008,AA Batteries (4-pack),2,3.84,"206 8th St, New York City, NY 10001"
151009,USB-C Charging Cable,1,11.95,"961 14th St, San Francisco, CA 94016"
151010,Apple Airpods Headphones,1,150,"653 5th St, San Francisco, CA 94016"
151011,iPhone,1,700,"74 14th St, San Francisco, CA 94016"
151012,USB-C Charging Cable,1,11.95,"397 Church St, Portland, OR 97035"
151013,27in FHD Monitor,1,149.99,"468 West St, Dallas, TX 75001"
151014,ThinkPad Laptop,1,999.99,"693 4th St, Atlanta, GA 30301"
151015,Bose SoundSport Headphones,1,99.99,"813 Adams St, Los Angeles, CA 90001"
151016,Bose SoundSport Headphones,1,99.99,"756 Pine St, Dallas, TX 75001"
151017,USB-C Charging Cable,1,11.95,"888 8th St, Seattle, WA 98101"
151018,34in Ultrawide Monitor,1,379.99,"896 Chestnut St, Los Angeles, CA 90001"
151019,Lightning Charging Cable,1,14.95,"398 Church St, Boston, MA 02215"
151020,Wired Headphones,1,11.99,"437 Lincoln St, Boston, MA 02215"
151021,AAA Batteries (4-pack),3,2.99,"92 13th St, San Francisco, CA 94016"
151022,AAA Batteries (4-pack),1,2.99,"11 Wilson St, Los Angeles, CA 90001"
151023,Wired Headphones,1,11.99,"407 Spruce St, Dallas, TX 75001"
151024,Wired Headphones,1,11.99,"35 Pine St, Portland, OR 97035"
151024,Wired Headphones,1,11.99,"35 Pine St, Portland, OR 97035"
151025,AA Batteries (4-pack),2,3.84,"994 Church St, San Francisco, CA 94016"
151026,Flatscreen TV,1,300,"730 Cedar St, Portland, OR 97035"
151027,34in Ultrawide Monitor,1,379.99,"151 Hill St, San Francisco, CA 94016"
151028,AAA Batteries (4-pack),1,2.99,"216 Lakeview St, Boston, MA 02215"
151029,USB-C Charging Cable,2,11.95,"84 Highland St, Dallas, TX 75001"
151030,Bose SoundSport Headphones,1,99.99,"951 10th St, San Francisco, CA 94016"
151031,AAA Batteries (4-pack),1,2.99,"671 5th St, Los Angeles, CA 90001"
151032,34in Ultrawide Monitor,1,379.99,"799 Park St, Dallas, TX 75001"
151033,Wired Headphones,1,11.99,"193 Walnut St, Seattle, WA 98101"
151034,Lightning Charging Cable,1,14.95,"780 Hickory St, Portland, OR 97035"
151035,27in FHD Monitor,1,149.99,"826 Elm St, Boston, MA 02215"
151036,Wired Headphones,1,11.99,"138 Ridge St, New York City, NY 10001"
151037,Apple Airpods Headphones,1,150,"53 Lakeview St, New York City, NY 10001"
151038,Bose SoundSport Headphones,1,99.99,"403 North St, San Francisco, CA 94016"
151039,Wired Headphones,1,11.99,"921 6th St, Dallas, TX 75001"
151040,AAA Batteries (4-pack),1,2.99,"233 North St, Boston, MA 02215"
151041,Lightning Charging Cable,1,14.95,"588 14th St, Atlanta, GA 30301"
151042,Wired Headphones,1,11.99,"657 Washington St, Los Angeles, CA 90001"
151043,AAA Batteries (4-pack),1,2.99,"120 Highland St, San Francisco, CA 94016"
151044,Lightning Charging Cable,1,14.95,"183 Meadow St, Los Angeles, CA 90001"
151045,Macbook Pro Laptop,1,1700,"393 Maple St, Dallas, TX 75001"
151046,AA Batteries (4-pack),2,3.84,"567 4th St, New York City, NY 10001"
151047,iPhone,1,700,"593 Forest St, New York City, NY 10001"
151047,Lightning Charging Cable,1,14.95,"593 Forest St, New York City, NY 10001"
151048,Lightning Charging Cable,1,14.95,"467 Sunset St, Los Angeles, CA 90001"
151049,AAA Batteries (4-pack),1,2.99,"296 5th St, Atlanta, GA 30301"
151050,AA Batteries (4-pack),2,3.84,"341 Lake St, Austin, TX 73301"
151051,iPhone,1,700,"374 Park St, Austin, TX 73301"
151052,AAA Batteries (4-pack),1,2.99,"19 Ridge St, New York City, NY 10001"
151053,iPhone,1,700,"964 Maple St, Dallas, TX 75001"
151053,Wired Headphones,1,11.99,"964 Maple St, Dallas, TX 75001"
151054,AA Batteries (4-pack),3,3.84,"758 Lake St, New York City, NY 10001"
151055,Wired Headphones,1,11.99,"630 2nd St, Austin, TX 73301"
151056,USB-C Charging Cable,1,11.95,"993 Spruce St, San Francisco, CA 94016"
151057,AA Batteries (4-pack),1,3.84,"975 Spruce St, San Francisco, CA 94016"
151058,AA Batteries (4-pack),1,3.84,"584 12th St, Los Angeles, CA 90001"
151059,Macbook Pro Laptop,1,1700,"203 6th St, San Francisco, CA 94016"
151060,Lightning Charging Cable,1,14.95,"15 Adams St, San Francisco, CA 94016"
151061,27in 4K Gaming Monitor,1,389.99,"57 Adams St, Atlanta, GA 30301"
151062,USB-C Charging Cable,1,11.95,"155 Madison St, Los Angeles, CA 90001"
151063,Wired Headphones,1,11.99,"340 Adams St, Portland, OR 97035"
151064,27in 4K Gaming Monitor,1,389.99,"315 Ridge St, Portland, OR 97035"
151065,AAA Batteries (4-pack),2,2.99,"471 Highland St, San Francisco, CA 94016"
151066,AA Batteries (4-pack),2,3.84,"650 2nd St, New York City, NY 10001"
151067,Google Phone,1,600,"429 Lake St, San Francisco, CA 94016"
151068,Wired Headphones,1,11.99,"598 Hill St, Atlanta, GA 30301"
151069,Apple Airpods Headphones,1,150,"265 Lake St, Los Angeles, CA 90001"
151070,Lightning Charging Cable,1,14.95,"64 Madison St, New York City, NY 10001"
151071,27in FHD Monitor,1,149.99,"461 13th St, Los Angeles, CA 90001"
151072,27in FHD Monitor,1,149.99,"475 Maple St, Atlanta, GA 30301"
151073,Lightning Charging Cable,1,14.95,"119 Washington St, Boston, MA 02215"
151074,USB-C Charging Cable,1,11.95,"718 River St, Portland, OR 97035"
151075,AA Batteries (4-pack),1,3.84,"296 5th St, Boston, MA 02215"
151076,Bose SoundSport Headphones,1,99.99,"76 9th St, Los Angeles, CA 90001"
151077,27in 4K Gaming Monitor,1,389.99,"792 Washington St, Los Angeles, CA 90001"
151078,USB-C Charging Cable,1,11.95,"205 North St, San Francisco, CA 94016"
151079,Flatscreen TV,1,300,"910 11th St, Seattle, WA 98101"
151080,iPhone,1,700,"369 Adams St, San Francisco, CA 94016"
151081,AAA Batteries (4-pack),1,2.99,"532 Willow St, Los Angeles, CA 90001"
151082,ThinkPad Laptop,1,999.99,"617 Highland St, New York City, NY 10001"
151083,34in Ultrawide Monitor,1,379.99,"401 Spruce St, Boston, MA 02215"
151084,USB-C Charging Cable,1,11.95,"705 Main St, Portland, OR 97035"
151085,Apple Airpods Headphones,1,150,"201 Meadow St, Seattle, WA 98101"
151086,AA Batteries (4-pack),1,3.84,"807 8th St, Austin, TX 73301"
151087,USB-C Charging Cable,1,11.95,"514 9th St, Atlanta, GA 30301"
151088,AAA Batteries (4-pack),3,2.99,"846 Elm St, Los Angeles, CA 90001"
151089,USB-C Charging Cable,2,11.95,"575 Jefferson St, Atlanta, GA 30301"
151090,LG Dryer,1,600,"884 Lincoln St, Boston, MA 02215"
151091,Lightning Charging Cable,1,14.95,"482 8th St, Austin, TX 73301"
151092,AA Batteries (4-pack),1,3.84,"419 Ridge St, Seattle, WA 98101"
151093,Flatscreen TV,1,300,"744 River St, Portland, OR 97035"
151094,Lightning Charging Cable,1,14.95,"821 West St, Austin, TX 73301"
151095,Wired Headphones,2,11.99,"607 Washington St, Boston, MA 02215"
151096,Wired Headphones,1,11.99,"33 6th St, Los Angeles, CA 90001"
151097,Apple Airpods Headphones,1,150,"636 South St, Portland, OR 97035"
151098,AA Batteries (4-pack),1,3.84,"718 Washington St, Boston, MA 02215"
151099,AAA Batteries (4-pack),3,2.99,"819 10th St, New York City, NY 10001"
151100,AAA Batteries (4-pack),2,2.99,"124 Elm St, Boston, MA 02215"
151101,Macbook Pro Laptop,1,1700,"580 11th St, Seattle, WA 98101"
151102,USB-C Charging Cable,1,11.95,"690 4th St, Dallas, TX 75001"
151103,Bose SoundSport Headphones,1,99.99,"216 Johnson St, San Francisco, CA 94016"
151104,Wired Headphones,1,11.99,"203 Main St, Atlanta, GA 30301"
151105,Apple Airpods Headphones,1,150,"218 9th St, San Francisco, CA 94016"
151106,AA Batteries (4-pack),1,3.84,"204 Elm St, Atlanta, GA 30301"
151107,Lightning Charging Cable,1,14.95,"382 5th St, San Francisco, CA 94016"
151108,27in 4K Gaming Monitor,1,389.99,"513 11th St, Los Angeles, CA 90001"
151109,iPhone,1,700,"933 Dogwood St, Atlanta, GA 30301"
151110,AAA Batteries (4-pack),1,2.99,"402 South St, San Francisco, CA 94016"
151110,Lightning Charging Cable,1,14.95,"402 South St, San Francisco, CA 94016"
151111,AA Batteries (4-pack),1,3.84,"681 12th St, San Francisco, CA 94016"
151112,Wired Headphones,1,11.99,"133 4th St, Boston, MA 02215"
151113,AAA Batteries (4-pack),2,2.99,"557 Jackson St, Los Angeles, CA 90001"
151114,USB-C Charging Cable,1,11.95,"530 Meadow St, Dallas, TX 75001"
151115,Apple Airpods Headphones,1,150,"91 North St, Boston, MA 02215"
151116,Bose SoundSport Headphones,1,99.99,"56 Lincoln St, San Francisco, CA 94016"
151117,AA Batteries (4-pack),4,3.84,"218 West St, Seattle, WA 98101"
151118,Apple Airpods Headphones,1,150,"710 Elm St, San Francisco, CA 94016"
151119,USB-C Charging Cable,1,11.95,"842 Park St, Boston, MA 02215"
151120,USB-C Charging Cable,1,11.95,"52 South St, San Francisco, CA 94016"
151121,LG Dryer,1,600,"550 North St, New York City, NY 10001"
151122,AAA Batteries (4-pack),1,2.99,"357 Wilson St, Atlanta, GA 30301"
151123,27in FHD Monitor,1,149.99,"103 Forest St, Los Angeles, CA 90001"
151124,Lightning Charging Cable,1,14.95,"102 1st St, San Francisco, CA 94016"
151125,AA Batteries (4-pack),1,3.84,"12 11th St, Atlanta, GA 30301"
151126,Wired Headphones,1,11.99,"760 River St, Atlanta, GA 30301"
151127,AAA Batteries (4-pack),1,2.99,"594 Jackson St, Seattle, WA 98101"
151128,Apple Airpods Headphones,1,150,"985 8th St, Portland, OR 97035"
151129,ThinkPad Laptop,1,999.99,"476 Lakeview St, Portland, OR 97035"
151130,Wired Headphones,1,11.99,"950 Chestnut St, Boston, MA 02215"
151131,Bose SoundSport Headphones,1,99.99,"496 Lakeview St, Atlanta, GA 30301"
151132,27in 4K Gaming Monitor,1,389.99,"111 North St, New York City, NY 10001"
151133,Lightning Charging Cable,1,14.95,"214 Ridge St, Atlanta, GA 30301"
151134,Wired Headphones,1,11.99,"413 Washington St, Dallas, TX 75001"
151135,USB-C Charging Cable,1,11.95,"866 Maple St, Los Angeles, CA 90001"
151136,AAA Batteries (4-pack),1,2.99,"198 Church St, Boston, MA 02215"
151137,27in 4K Gaming Monitor,1,389.99,"135 Wilson St, Boston, MA 02215"
151138,27in FHD Monitor,2,149.99,"579 Maple St, Dallas, TX 75001"
151139,Apple Airpods Headphones,1,150,"552 Washington St, Atlanta, GA 30301"
151140,USB-C Charging Cable,1,11.95,"679 Jefferson St, Los Angeles, CA 90001"
151141,USB-C Charging Cable,1,11.95,"745 Hill St, Seattle, WA 98101"
151142,iPhone,1,700,"116 Wilson St, Los Angeles, CA 90001"
151143,27in FHD Monitor,1,149.99,"120 Walnut St, San Francisco, CA 94016"
151144,USB-C Charging Cable,3,11.95,"565 South St, New York City, NY 10001"
151145,Google Phone,1,600,"296 Adams St, New York City, NY 10001"
151145,Wired Headphones,1,11.99,"296 Adams St, New York City, NY 10001"
151146,Wired Headphones,1,11.99,"45 River St, New York City, NY 10001"
151147,Vareebadd Phone,1,400,"141 Maple St, Los Angeles, CA 90001"
151148,Wired Headphones,1,11.99,"882 5th St, Dallas, TX 75001"
151149,Bose SoundSport Headphones,1,99.99,"261 Washington St, Boston, MA 02215"
151150,34in Ultrawide Monitor,1,379.99,"566 4th St, San Francisco, CA 94016"
151151,AAA Batteries (4-pack),1,2.99,"490 Cedar St, Seattle, WA 98101"
151152,20in Monitor,1,109.99,"278 Johnson St, Boston, MA 02215"
151153,AAA Batteries (4-pack),1,2.99,"803 Walnut St, Atlanta, GA 30301"
151154,Apple Airpods Headphones,1,150,"64 Dogwood St, Dallas, TX 75001"
151155,Bose SoundSport Headphones,1,99.99,"778 Washington St, New York City, NY 10001"
151156,Lightning Charging Cable,1,14.95,"600 Jackson St, San Francisco, CA 94016"
151157,Flatscreen TV,1,300,"769 13th St, Los Angeles, CA 90001"
151158,Wired Headphones,1,11.99,"454 Center St, Portland, OR 97035"
151159,USB-C Charging Cable,1,11.95,"599 South St, New York City, NY 10001"
151160,AA Batteries (4-pack),1,3.84,"187 Park St, Austin, TX 73301"
151161,Lightning Charging Cable,1,14.95,"950 14th St, San Francisco, CA 94016"
151162,Macbook Pro Laptop,1,1700,"365 14th St, New York City, NY 10001"
151163,AAA Batteries (4-pack),1,2.99,"424 Chestnut St, Portland, OR 97035"
151164,34in Ultrawide Monitor,1,379.99,"310 Cedar St, Boston, MA 02215"
151165,iPhone,1,700,"103 Park St, Atlanta, GA 30301"
151166,Wired Headphones,1,11.99,"775 Center St, Dallas, TX 75001"
151167,Lightning Charging Cable,2,14.95,"647 2nd St, Los Angeles, CA 90001"
151168,AAA Batteries (4-pack),1,2.99,"111 8th St, Seattle, WA 98101"
151169,AAA Batteries (4-pack),1,2.99,"106 Cedar St, San Francisco, CA 94016"
151170,34in Ultrawide Monitor,1,379.99,"625 Park St, Boston, MA 02215"
